{

"GxObject":{"ObjectType":"BusinessComponent","Name":"Repair","idConnectivitySupport":"idInherit","Structure":{"Levels":[{"Name":"Repair","ParentLevel":"","LevelName":"Repair","Description":"Repair","Attributes":[{"Name":"RepairId","Caption":"Repair Id","default":"0","AutoNumber":"true","IsKey":"true","ReadOnly":"false","AttributeType":"int","Description":"Repair Id","Length":"4","Decimals":"0","Signed":"false","AllowDBNulls":"false","InternalName":"RepairId","InputPicture":"ZZZ9","Type":"xs:int"},{"Name":"RepairDateFrom","Caption":"Repair Date From","default":"","IsKey":"false","ReadOnly":"false","AttributeType":"date","Description":"Repair Date From","Length":"8","Decimals":"0","Signed":"false","AllowDBNulls":"false","InternalName":"RepairDateFrom","DescriptionAtt":"true","InputPicture":"99/99/99","Type":"xs:string"},{"Name":"RepairDaysQuantity","Caption":"Repair Days Quantity","default":"0","IsKey":"false","ReadOnly":"false","AttributeType":"int","Description":"Repair Days Quantity","Length":"4","Decimals":"0","Signed":"false","AllowDBNulls":"false","InternalName":"RepairDaysQuantity","InputPicture":"ZZZ9","Type":"xs:int"},{"Name":"RepairDateTo","Caption":"Repair Date To","default":"","IsKey":"false","ReadOnly":"true","AttributeType":"date","Description":"Repair Date To","Length":"8","Decimals":"0","Signed":"false","AllowDBNulls":"true","InternalName":"RepairDateTo","InputPicture":"99/99/99","Type":"xs:string"},{"Name":"GameId","Caption":"Game Id","default":"0","IsKey":"false","ReadOnly":"false","AttributeType":"int","Description":"Game Id","Length":"4","Decimals":"0","Signed":"false","AllowDBNulls":"false","InternalName":"GameId","InputPicture":"ZZZ9","Type":"xs:int"},{"Name":"GameName","Caption":"Game Name","default":"","IsKey":"false","ReadOnly":"true","AttributeType":"char","Description":"Game Name","Length":"50","Decimals":"0","Signed":"false","AllowDBNulls":"true","Domain":"Name","InternalName":"GameName","InputPicture":"","Type":"xs:string"},{"Name":"RepairCost","Caption":"Repair Cost","default":"0","IsKey":"false","ReadOnly":"false","AttributeType":"int","Description":"Repair Cost","Length":"4","Decimals":"0","Signed":"false","AllowDBNulls":"false","InternalName":"RepairCost","InputPicture":"ZZZ9","Type":"xs:int"},{"Name":"TechnicianId","Caption":"Technician Id","default":"0","IsKey":"false","ReadOnly":"false","AttributeType":"int","Description":"Technician Id","Length":"4","Decimals":"0","Signed":"false","AllowDBNulls":"false","InternalName":"TechnicianId","InputPicture":"ZZZ9","Type":"xs:int"},{"Name":"TechnicianName","Caption":"Technician Name","default":"","IsKey":"false","ReadOnly":"true","AttributeType":"char","Description":"Technician Name","Length":"50","Decimals":"0","Signed":"false","AllowDBNulls":"true","Domain":"Name","InternalName":"TechnicianName","InputPicture":"","Type":"xs:string"},{"Name":"RepairAlternateTechnicianId","Caption":"Repair Alternate Technician Id","default":"0","IsKey":"false","ReadOnly":"false","AttributeType":"int","Description":"Repair Alternate Technician Id","Length":"4","Decimals":"0","Signed":"false","AllowDBNulls":"false","InternalName":"RepairAlternateTechnicianId","InputPicture":"ZZZ9","Type":"xs:int"},{"Name":"RepairAlternateTechnicianName","Caption":"Repair Alternate Technician Name","default":"","IsKey":"false","ReadOnly":"true","AttributeType":"char","Description":"Repair Alternate Technician Name","Length":"50","Decimals":"0","Signed":"false","AllowDBNulls":"true","Domain":"Name","InternalName":"RepairAlternateTechnicianName","InputPicture":"","Type":"xs:string"},{"Name":"RepairDiscountPercentage","Caption":"Repair Discount Percentage","default":"0","IsKey":"false","ReadOnly":"false","AttributeType":"int","Description":"Repair Discount Percentage","Length":"3","Decimals":"0","Signed":"false","AllowDBNulls":"false","Domain":"Percentage","InternalName":"RepairDiscountPercentage","InputPicture":"ZZ9","Type":"xs:int"},{"Name":"RepairFinalCost","Caption":"Repair Final Cost","default":"0","IsKey":"false","ReadOnly":"true","AttributeType":"int","Description":"Repair Final Cost","Length":"4","Decimals":"0","Signed":"false","AllowDBNulls":"true","InternalName":"RepairFinalCost","InputPicture":"ZZZ9","Type":"xs:int"},{"Name":"RepairProblems","Caption":"Repair Problems","default":"0","IsKey":"false","ReadOnly":"true","AttributeType":"int","Description":"Repair Problems","Length":"1","Decimals":"0","Signed":"false","AllowDBNulls":"true","InternalName":"RepairProblems","InputPicture":"9","Type":"xs:int"}]},{"Name":"Repairrepairtransaction","ParentLevel":"Repair","LevelName":"Kind","Description":"Kind","Attributes":[{"Name":"RepairId","Caption":"Repair Id","default":"0","IsKey":"true","ReadOnly":"true","AttributeType":"int","Description":"Repair Id","Length":"4","Decimals":"0","Signed":"false","AllowDBNulls":"false","InternalName":"RepairId","InputPicture":"ZZZ9","Type":"xs:int"},{"Name":"RepairKindId","Caption":"Repair Kind Id","default":"0","IsKey":"true","ReadOnly":"false","AttributeType":"int","Description":"Repair Kind Id","Length":"1","Decimals":"0","Signed":"false","AllowDBNulls":"false","InternalName":"RepairKindId","InputPicture":"9","Type":"xs:int"},{"Name":"RepairKindName","Caption":"Repair Kind Name","default":"","IsKey":"false","ReadOnly":"false","AttributeType":"char","Description":"Repair Kind Name","Length":"1","Decimals":"0","Signed":"false","AllowDBNulls":"false","Domain":"KindName","InternalName":"RepairKindName","DescriptionAtt":"true","InputPicture":"","Type":"xs:string"},{"Name":"RepairKindRemarks","Caption":"Repair Kind Remarks","default":"","IsKey":"false","ReadOnly":"false","AttributeType":"char","Description":"Repair Kind Remarks","Length":"120","Decimals":"0","Signed":"false","AllowDBNulls":"false","InternalName":"RepairKindRemarks","InputPicture":"","Type":"xs:string"}]}]},"Relations":{"ManyToOne":{"references":[{"Name":"RepairRepairId","BusinessComponent":"Repair","LevelName":"Repair","Description":"Repair","ForeignKey":{"KeyAttributes":[{"Name":"RepairId","Type":"int"}]},"InferredAttributes":{"Attributes":[{"Name":"RepairProblems","Type":"int"}]}}]}}}
}
