<?xml-stylesheet type='text/xsl' href='prgs.xsl'?><Objects>
  <Charset>UTF-8</Charset>
  <Path>file:///C:/Program Files (x86)/GeneXus/GeneXus17Trial/</Path>
  <Object>
    <ObjCls>0</ObjCls>
    <ObjName>Employee</ObjName>
    <ObjDesc>Employee</ObjDesc>
    <ObjLink>employee.aspx</ObjLink>
  </Object>
  <Object>
    <ObjCls>0</ObjCls>
    <ObjName>Category</ObjName>
    <ObjDesc>Category</ObjDesc>
    <ObjLink>category.aspx</ObjLink>
  </Object>
  <Object>
    <ObjCls>0</ObjCls>
    <ObjName>Game</ObjName>
    <ObjDesc>Game</ObjDesc>
    <ObjLink>game.aspx</ObjLink>
  </Object>
  <Object>
    <ObjCls>0</ObjCls>
    <ObjName>Repair</ObjName>
    <ObjDesc>Repair</ObjDesc>
    <ObjLink>repair.aspx</ObjLink>
  </Object>
  <Object>
    <ObjCls>0</ObjCls>
    <ObjName>Technician</ObjName>
    <ObjDesc>Technician</ObjDesc>
    <ObjLink>technician.aspx</ObjLink>
  </Object>
  <Object>
    <ObjCls>13</ObjCls>
    <ObjName>Home</ObjName>
    <ObjDesc>Home</ObjDesc>
    <ObjLink>home.aspx</ObjLink>
  </Object>
  <Object>
    <ObjCls>13</ObjCls>
    <ObjName>WWCountry</ObjName>
    <ObjDesc>Countries</ObjDesc>
    <ObjLink>wwcountry.aspx</ObjLink>
  </Object>
  <Object>
    <ObjCls>13</ObjCls>
    <ObjName>WWAmusementPark</ObjName>
    <ObjDesc>Amusement Parks</ObjDesc>
    <ObjLink>wwamusementpark.aspx</ObjLink>
  </Object>
  <Object>
    <ObjCls>13</ObjCls>
    <ObjName>WWAmusement</ObjName>
    <ObjDesc>WWAmusement</ObjDesc>
    <ObjLink>wwamusement.aspx</ObjLink>
  </Object>
  <Object>
    <ObjCls>13</ObjCls>
    <ObjName>BusComp</ObjName>
    <ObjDesc>Bus Comp</ObjDesc>
    <ObjLink>buscomp.aspx</ObjLink>
  </Object>
  <Object>
    <ObjCls>13</ObjCls>
    <ObjName>DeleteAllRepairs</ObjName>
    <ObjDesc>Delete All Repairs</ObjDesc>
    <ObjLink>deleteallrepairs.aspx</ObjLink>
  </Object>
  <Object>
    <ObjCls>13</ObjCls>
    <ObjName>WPCountry</ObjName>
    <ObjDesc>WPCountry</ObjDesc>
    <ObjLink>wpcountry.aspx</ObjLink>
  </Object>
  <Object>
    <ObjCls>13</ObjCls>
    <ObjName>EmployeeDetail</ObjName>
    <ObjDesc>Employee Detail</ObjDesc>
    <ObjLink>employeedetail.aspx</ObjLink>
  </Object>
</Objects>